time [s];vehicle_speed [km/h];acceleration [m/s^2];slope [°]
0;0;0;0
1;0;0;0
2;0;0;0
3;0;0;0
4;0;0;0
5;0;0;0
6;0;0;0
7;0;0;0
8;0;0;0
9;0;0;0
10;0;0;0
11;0;0,027777778;0
12;0,2;0,236111111;0
13;1,7;0,722222222;0
14;5,4;1,138888889;0
15;9,9;1,069444444;0
16;13,1;0,972222222;0
17;16,9;1,194444444;0
18;21,7;1,263888889;0
19;26;0,805555556;0
20;27,5;0,291666667;0
21;28,1;0,111111111;0
22;28,3;0,097222222;0
23;28,8;0,111111111;0
24;29,1;0,277777778;0
25;30,8;0,388888889;0
26;31,9;0,458333333;0
27;34,1;0,652777778;0
28;36,6;0,694444444;0
29;39,1;0,652777778;0
30;41,3;0,472222222;0
31;42,5;0,277777778;0
32;43,3;0,194444444;0
33;43,9;0,152777778;0
34;44,4;0,083333333;0
35;44,5;-0,027777778;0
36;44,2;-0,25;0
37;42,7;-0,597222222;0
38;39,9;-0,791666667;0
39;37;-0,736111111;0
40;34,6;-0,652777778;0
41;32,3;-0,777777778;0
42;29;-1;0
43;25,1;-0,944444444;0
44;22,2;-0,583333333;0
45;20,9;-0,25;0
46;20,4;-0,194444444;0
47;19,5;-0,277777778;0
48;18,4;-0,236111111;0
49;17,8;-0,083333333;0
50;17,8;-0,055555556;0
51;17,4;-0,291666667;0
52;15,7;-0,597222222;0
53;13,1;-0,5;0
54;12,1;-0,152777778;0
55;12;-0,013888889;0
56;12;0;0
57;12;0,041666667;0
58;12,3;0,083333333;0
59;12,6;0,333333333;0
60;14,7;0,375;0
61;15,3;0,166666667;0
62;15,9;0,125;0
63;16,2;0,166666667;0
64;17,1;0,222222222;0
65;17,8;0,138888889;0
66;18,1;0,083333333;0
67;18,4;0,305555556;0
68;20,3;0,666666667;0
69;23,2;0,861111111;0
70;26,5;0,916666667;0
71;29,8;0,847222222;0
72;32,6;0,638888889;0
73;34,4;0,402777778;0
74;35,5;0,277777778;0
75;36,4;0,263888889;0
76;37,4;0,291666667;0
77;38,5;0,263888889;0
78;39,3;0,138888889;0
79;39,5;-0,041666667;0
80;39;-0,138888889;0
81;38,5;-0,236111111;0
82;37,3;-0,208333333;0
83;37;-0,083333333;0
84;36,7;-0,152777778;0
85;35,9;-0,194444444;0
86;35,3;-0,180555556;0
87;34,6;-0,152777778;0
88;34,2;-0,375;0
89;31,9;-0,958333333;0
90;27,3;-1,375;0
91;22;-1,430555556;0
92;17;-1,083333333;0
93;14,2;-0,694444444;0
94;12;-0,708333333;0
95;9,1;-0,861111111;0
96;5,8;-0,763888889;0
97;3,6;-0,5;0
98;2,2;-0,5;0
99;0;-0,305555556;0
100;0;0;0
101;0;0;0
102;0;0;0
103;0;0;0
104;0;0;0
105;0;0;0
106;0;0;0
107;0;0;0
108;0;0;0
109;0;0;0
110;0;0;0
111;0;0;0
112;0;0;0
113;0;0;0
114;0;0;0
115;0;0;0
116;0;0;0
117;0;0;0
118;0;0;0
119;0;0;0
120;0;0;0
121;0;0;0
122;0;0;0
123;0;0;0
124;0;0;0
125;0;0;0
126;0;0;0
127;0;0;0
128;0;0;0
129;0;0;0
130;0;0;0
131;0;0;0
132;0;0;0
133;0;0;0
134;0;0;0
135;0;0;0
136;0;0;0
137;0;0,027777778;0
138;0,2;0,263888889;0
139;1,9;0,819444444;0
140;6,1;1,361111111;0
141;11,7;1,430555556;0
142;16,4;1;0
143;18,9;0,486111111;0
144;19,9;0,263888889;0
145;20,8;0,402777778;0
146;22,8;0,638888889;0
147;25,4;0,680555556;0
148;27,7;0,527777778;0
149;29,2;0,291666667;0
150;29,8;0,027777778;0
151;29,4;-0,361111111;0
152;27,2;-0,944444444;0
153;22,6;-1,375;0
154;17,3;-1,291666667;0
155;13,3;-0,736111111;0
156;12;-0,097222222;0
157;12,6;0,291666667;0
158;14,1;0,638888889;0
159;17,2;0,833333333;0
160;20,1;0,861111111;0
161;23,4;0,75;0
162;25,5;0,583333333;0
163;27,6;0,555555556;0
164;29,5;0,486111111;0
165;31,1;0,361111111;0
166;32,1;0,291666667;0
167;33,2;0,430555556;0
168;35,2;0,555555556;0
169;37,2;0,388888889;0
170;38;0,027777778;0
171;37,4;-0,402777778;0
172;35,1;-0,888888889;0
173;31;-1,111111111;0
174;27,1;-0,791666667;0
175;25,3;-0,277777778;0
176;25,1;0,083333333;0
177;25,9;0,375;0
178;27,8;0,458333333;0
179;29,2;0,25;0
180;29,6;0,041666667;0
181;29,5;-0,055555556;0
182;29,2;-0,166666667;0
183;28,3;-0,430555556;0
184;26,1;-0,652777778;0
185;23,6;-0,708333333;0
186;21;-0,652777778;0
187;18,9;-0,541666667;0
188;17,1;-0,444444444;0
189;15,7;-0,361111111;0
190;14,5;-0,277777778;0
191;13,7;-0,222222222;0
192;12,9;-0,166666667;0
193;12,5;-0,097222222;0
194;12,2;-0,069444444;0
195;12;-0,027777778;0
196;12;0;0
197;12;0;0
198;12;0,069444444;0
199;12,5;0,138888889;0
200;13;0,208333333;0
201;14;0,277777778;0
202;15;0,347222222;0
203;16,5;0,555555556;0
204;19;0,652777778;0
205;21,2;0,666666667;0
206;23,8;0,791666667;0
207;26,9;0,805555556;0
208;29,6;0,708333333;0
209;32;0,777777778;0
210;35,2;0,763888889;0
211;37,5;0,555555556;0
212;39,2;0,416666667;0
213;40,5;0,333333333;0
214;41,6;0,361111111;0
215;43,1;0,472222222;0
216;45;0,555555556;0
217;47,1;0,555555556;0
218;49;0,486111111;0
219;50,6;0,388888889;0
220;51,8;0,291666667;0
221;52,7;0,180555556;0
222;53,1;0,111111111;0
223;53,5;0,097222222;0
224;53,8;0,097222222;0
225;54,2;0,138888889;0
226;54,8;0,152777778;0
227;55,3;0,138888889;0
228;55,8;0,125;0
229;56,2;0,097222222;0
230;56,5;0,041666667;0
231;56,5;-0,041666667;0
232;56,2;-0,222222222;0
233;54,9;-0,458333333;0
234;52,9;-0,541666667;0
235;51;-0,430555556;0
236;49,8;-0,25;0
237;49,2;-0,194444444;0
238;48,4;-0,319444444;0
239;46,9;-0,569444444;0
240;44,3;-0,75;0
241;41,5;-0,666666667;0
242;39,5;-0,625;0
243;37;-0,680555556;0
244;34,6;-0,652777778;0
245;32,3;-0,777777778;0
246;29;-1;0
247;25,1;-0,944444444;0
248;22,2;-0,583333333;0
249;20,9;-0,25;0
250;20,4;-0,194444444;0
251;19,5;-0,277777778;0
252;18,4;-0,236111111;0
253;17,8;-0,083333333;0
254;17,8;-0,055555556;0
255;17,4;-0,291666667;0
256;15,7;-0,402777778;0
257;14,5;-0,041666667;0
258;15,4;0,472222222;0
259;17,9;0,722222222;0
260;20,6;0,736111111;0
261;23,2;0,708333333;0
262;25,7;0,763888889;0
263;28,7;0,944444444;0
264;32,5;1,027777778;0
265;36,1;0,902777778;0
266;39;0,652777778;0
267;40,8;0,541666667;0
268;42,9;0,5;0
269;44,4;0,416666667;0
270;45,9;0,222222222;0
271;46;-0,041666667;0
272;45,6;-0,097222222;0
273;45,3;-0,263888889;0
274;43,7;-0,625;0
275;40,8;-0,791666667;0
276;38;-0,888888889;0
277;34,4;-0,986111111;0
278;30,9;-1,236111111;0
279;25,5;-1,319444444;0
280;21,4;-0,736111111;0
281;20,2;0,208333333;0
282;22,9;0,888888889;0
283;26,6;1,013888889;0
284;30,2;1,041666667;0
285;34,1;1;0
286;37,4;0,916666667;0
287;40,7;0,916666667;0
288;44;0,916666667;0
289;47,3;0,722222222;0
290;49,2;0,347222222;0
291;49,8;0;0
292;49,2;-0,236111111;0
293;48,1;-0,263888889;0
294;47,3;-0,180555556;0
295;46,8;-0,083333333;0
296;46,7;0;0
297;46,8;0,055555556;0
298;47,1;0,069444444;0
299;47,3;0,027777778;0
300;47,3;-0,027777778;0
301;47,1;-0,097222222;0
302;46,6;-0,180555556;0
303;45,8;-0,25;0
304;44,8;-0,347222222;0
305;43,3;-0,416666667;0
306;41,8;-0,347222222;0
307;40,8;-0,208333333;0
308;40,3;-0,097222222;0
309;40,1;-0,083333333;0
310;39,7;-0,125;0
311;39,2;-0,166666667;0
312;38,5;-0,25;0
313;37,4;-0,347222222;0
314;36;-0,416666667;0
315;34,4;-0,416666667;0
316;33;-0,375;0
317;31,7;-0,416666667;0
318;30;-0,513888889;0
319;28;-0,541666667;0
320;26,1;-0,333333333;0
321;25,6;-0,166666667;0
322;24,9;-0,097222222;0
323;24,9;-0,083333333;0
324;24,3;-0,138888889;0
325;23,9;-0,055555556;0
326;23,9;-0,041666667;0
327;23,6;-0,083333333;0
328;23,3;-0,430555556;0
329;20,5;-0,805555556;0
330;17,5;-0,5;0
331;16,9;-0,111111111;0
332;16,7;-0,138888889;0
333;15,9;-0,152777778;0
334;15,6;-0,125;0
335;15;-0,152777778;0
336;14,5;-0,097222222;0
337;14,3;0;0
338;14,5;0,152777778;0
339;15,4;0,458333333;0
340;17,8;0,791666667;0
341;21,1;0,875;0
342;24,1;0,541666667;0
343;25;0,166666667;0
344;25,3;0,069444444;0
345;25,5;0,152777778;0
346;26,4;0,152777778;0
347;26,6;0,097222222;0
348;27,1;0,152777778;0
349;27,7;0,138888889;0
350;28,1;0,069444444;0
351;28,2;0;0
352;28,1;-0,027777778;0
353;28;-0,027777778;0
354;27,9;-0,013888889;0
355;27,9;0,027777778;0
356;28,1;0,041666667;0
357;28,2;-0,013888889;0
358;28;-0,180555556;0
359;26,9;-0,416666667;0
360;25;-0,513888889;0
361;23,2;-0,430555556;0
362;21,9;-0,291666667;0
363;21,1;-0,166666667;0
364;20,7;-0,055555556;0
365;20,7;0,013888889;0
366;20,8;0,069444444;0
367;21,2;0,180555556;0
368;22,1;0,319444444;0
369;23,5;0,305555556;0
370;24,3;0,138888889;0
371;24,5;-0,069444444;0
372;23,8;-0,444444444;0
373;21,3;-0,847222222;0
374;17,7;-0,958333333;0
375;14,4;-0,805555556;0
376;11,9;-0,583333333;0
377;10,2;-0,416666667;0
378;8,9;-0,305555556;0
379;8;-0,236111111;0
380;7,2;-0,263888889;0
381;6,1;-0,319444444;0
382;4,9;-0,333333333;0
383;3,7;-0,361111111;0
384;2,3;-0,388888889;0
385;0,9;-0,319444444;0
386;0;-0,125;0
387;0;0;0
388;0;0;0
389;0;0;0
390;0;0;0
391;0;0,069444444;0
392;0,5;0,291666667;0
393;2,1;0,597222222;0
394;4,8;0,861111111;0
395;8,3;1,041666667;0
396;12,3;1,152777778;0
397;16,6;1,194444444;0
398;20,9;1,055555556;0
399;24,2;0,652777778;0
400;25,6;0,194444444;0
401;25,6;-0,097222222;0
402;24,9;-0,319444444;0
403;23,3;-0,458333333;0
404;21,6;-0,430555556;0
405;20,2;-0,402777778;0
406;18,7;-0,444444444;0
407;17;-0,472222222;0
408;15,3;-0,388888889;0
409;14,2;-0,194444444;0
410;13,9;-0,027777778;0
411;14;0,041666667;0
412;14,2;0,069444444;0
413;14,5;0,097222222;0
414;14,9;0,194444444;0
415;15,9;0,347222222;0
416;17,4;0,388888889;0
417;18,7;0,236111111;0
418;19,1;0,013888889;0
419;18,8;-0,208333333;0
420;17,6;-0,305555556;0
421;16,6;-0,194444444;0
422;16,2;-0,027777778;0
423;16,4;0,138888889;0
424;17,2;0,375;0
425;19,1;0,75;0
426;22,6;1,152777778;0
427;27,4;1,25;0
428;31,6;0,833333333;0
429;33,4;0,263888889;0
430;33,5;-0,083333333;0
431;32,8;-0,222222222;0
432;31,9;-0,208333333;0
433;31,3;-0,111111111;0
434;31,1;-0,097222222;0
435;30,6;-0,263888889;0
436;29,2;-0,541666667;0
437;26,7;-0,861111111;0
438;23;-1,180555556;0
439;18,2;-1,402777778;0
440;12,9;-1,458333333;0
441;7,7;-1,263888889;0
442;3,8;-0,888888889;0
443;1,3;-0,5;0
444;0,2;-0,180555556;0
445;0;-0,027777778;0
446;0;0;0
447;0;0;0
448;0;0;0
449;0;0;0
450;0;0;0
451;0;0;0
452;0;0;0
453;0;0;0
454;0;0;0
455;0;0;0
456;0;0;0
457;0;0;0
458;0;0;0
459;0;0;0
460;0;0;0
461;0;0;0
462;0;0;0
463;0;0;0
464;0;0;0
465;0;0;0
466;0;0;0
467;0;0;0
468;0;0;0
469;0;0;0
470;0;0;0
471;0;0;0
472;0;0;0
473;0;0;0
474;0;0;0
475;0;0;0
476;0;0;0
477;0;0;0
478;0;0;0
479;0;0;0
480;0;0;0
481;0;0;0
482;0;0;0
483;0;0;0
484;0;0;0
485;0;0;0
486;0;0;0
487;0;0;0
488;0;0;0
489;0;0;0
490;0;0;0
491;0;0;0
492;0;0;0
493;0;0;0
494;0;0;0
495;0;0;0
496;0;0;0
497;0;0;0
498;0;0;0
499;0;0;0
500;0;0;0
501;0;0;0
502;0;0;0
503;0;0;0
504;0;0;0
505;0;0;0
506;0;0;0
507;0;0;0
508;0;0;0
509;0;0;0
510;0;0;0
511;0;0,069444444;0
512;0,5;0,347222222;0
513;2,5;0,847222222;0
514;6,6;1,291666667;0
515;11,8;1,416666667;0
516;16,8;1,208333333;0
517;20,5;0,708333333;0
518;21,9;0,194444444;0
519;21,9;-0,083333333;0
520;21,3;-0,222222222;0
521;20,3;-0,291666667;0
522;19,2;-0,347222222;0
523;17,8;-0,513888889;0
524;15,5;-0,819444444;0
525;11,9;-1,097222222;0
526;7,6;-1,097222222;0
527;4;-0,777777778;0
528;2;-0,416666667;0
529;1;-0,277777778;0
530;0;-0,138888889;0
531;0;0;0
532;0;0,027777778;0
533;0,2;0,166666667;0
534;1,2;0,416666667;0
535;3,2;0,555555556;0
536;5,2;0,694444444;0
537;8,2;1,083333333;0
538;13;1,472222222;0
539;18,8;1,402777778;0
540;23,1;0,791666667;0
541;24,5;0,194444444;0
542;24,5;-0,027777778;0
543;24,3;-0,125;0
544;23,6;-0,277777778;0
545;22,3;-0,486111111;0
546;20,1;-0,527777778;0
547;18,5;-0,402777778;0
548;17,2;-0,305555556;0
549;16,3;-0,25;0
550;15,4;-0,222222222;0
551;14,7;-0,152777778;0
552;14,3;-0,138888889;0
553;13,7;-0,138888889;0
554;13,3;-0,083333333;0
555;13,1;-0,027777778;0
556;13,1;0,027777778;0
557;13,3;0,097222222;0
558;13,8;0,166666667;0
559;14,5;0,375;0
560;16,5;0,347222222;0
561;17;0,069444444;0
562;17;0;0
563;17;-0,222222222;0
564;15,4;-0,958333333;0
565;10,1;-1,472222222;0
566;4,8;-1,402777778;0
567;0;-0,666666667;0
568;0;0;0
569;0;0;0
570;0;0;0
571;0;0;0
572;0;0;0
573;0;0;0
574;0;0;0
575;0;0;0
576;0;0;0
577;0;0;0
578;0;0;0
579;0;0;0
580;0;0;0
581;0;0;0
582;0;0;0
583;0;0;0
584;0;0;0
585;0;0;0
586;0;0;0
587;0;0;0
588;0;0;0
589;0;0;0
590;0;0;0
591;0;0;0
592;0;0;0
593;0;0;0
594;0;0;0
595;0;0;0
596;0;0;0
597;0;0;0
598;0;0;0
599;0;0;0
600;0;0,138888889;0
601;1;0,291666667;0
602;2,1;0,527777778;0
603;4,8;0,972222222;0
604;9,1;1,305555556;0
605;14,2;1,486111111;0
606;19,8;1,569444444;0
607;25,5;1,486111111;0
608;30,5;1,291666667;0
609;34,8;1,152777778;0
610;38,8;1,125;0
611;42,9;1,055555556;0
612;46,4;0,75;0
613;48,3;0,319444444;0
614;48,7;0,027777778;0
615;48,5;-0,041666667;0
616;48,4;-0,041666667;0
617;48,2;-0,083333333;0
618;47,8;-0,166666667;0
619;47;-0,263888889;0
620;45,9;-0,291666667;0
621;44,9;-0,208333333;0
622;44,4;-0,083333333;0
623;44,3;0,013888889;0
624;44,5;0,111111111;0
625;45,1;0,166666667;0
626;45,7;0,125;0
627;46;0,041666667;0
628;46;0;0
629;46;0,013888889;0
630;46,1;0,097222222;0
631;46,7;0,222222222;0
632;47,7;0,305555556;0
633;48,9;0,361111111;0
634;50,3;0,375;0
635;51,6;0,319444444;0
636;52,6;0,194444444;0
637;53;0,055555556;0
638;53;-0,013888889;0
639;52,9;-0,041666667;0
640;52,7;-0,041666667;0
641;52,6;0,055555556;0
642;53,1;0,236111111;0
643;54,3;0,291666667;0
644;55,2;0,166666667;0
645;55,5;0,097222222;0
646;55,9;0,111111111;0
647;56,3;0,111111111;0
648;56,7;0,083333333;0
649;56,9;0,013888889;0
650;56,8;-0,125;0
651;56;-0,361111111;0
652;54,2;-0,541666667;0
653;52,1;-0,569444444;0
654;50,1;-0,680555556;0
655;47,2;-0,958333333;0
656;43,2;-1,111111111;0
657;39,2;-0,930555556;0
658;36,5;-0,680555556;0
659;34,3;-0,763888889;0
660;31;-1,152777778;0
661;26;-1,430555556;0
662;20,7;-1,472222222;0
663;15,4;-1,055555556;0
664;13,1;-0,472222222;0
665;12;-0,083333333;0
666;12,5;0,277777778;0
667;14;0,902777778;0
668;19;1,277777778;0
669;23,2;1,25;0
670;28;1,222222222;0
671;32;0,833333333;0
672;34;0,555555556;0
673;36;0,555555556;0
674;38;0,555555556;0
675;40;0,319444444;0
676;40,3;0,069444444;0
677;40,5;-0,180555556;0
678;39;-0,666666667;0
679;35,7;-1;0
680;31,8;-1,194444444;0
681;27,1;-1,25;0
682;22,8;-0,833333333;0
683;21,1;-0,541666667;0
684;18,9;-0,305555556;0
685;18,9;0,333333333;0
686;21,3;0,694444444;0
687;23,9;0,638888889;0
688;25,9;0,625;0
689;28,4;0,611111111;0
690;30,3;0,347222222;0
691;30,9;0,111111111;0
692;31,1;0,125;0
693;31,8;0,222222222;0
694;32,7;0,194444444;0
695;33,2;-0,041666667;0
696;32,4;-0,680555556;0
697;28,3;-0,916666667;0
698;25,8;-0,722222222;0
699;23,1;-0,555555556;0
700;21,8;-0,263888889;0
701;21,2;-0,111111111;0
702;21;-0,027777778;0
703;21;-0,013888889;0
704;20,9;-0,152777778;0
705;19,9;-0,416666667;0
706;17,9;-0,666666667;0
707;15,1;-0,708333333;0
708;12,8;-0,430555556;0
709;12;0,055555556;0
710;13,2;0,708333333;0
711;17,1;1,097222222;0
712;21,1;0,652777778;0
713;21,8;0,013888889;0
714;21,2;-0,458333333;0
715;18,5;-1,013888889;0
716;13,9;-0,902777778;0
717;12;-0,263888889;0
718;12;0,138888889;0
719;13;0,555555556;0
720;16;0,763888889;0
721;18,5;0,638888889;0
722;20,6;0,555555556;0
723;22,5;0,472222222;0
724;24;0,569444444;0
725;26,6;0,819444444;0
726;29,9;1,138888889;0
727;34,8;1,097222222;0
728;37,8;0,75;0
729;40,2;0,527777778;0
730;41,6;0,236111111;0
731;41,9;0,055555556;0
732;42;0,041666667;0
733;42,2;0,055555556;0
734;42,4;0,069444444;0
735;42,7;0,097222222;0
736;43,1;0,138888889;0
737;43,7;0,125;0
738;44;0,055555556;0
739;44,1;0,180555556;0
740;45,3;0,319444444;0
741;46,4;0,263888889;0
742;47,2;0,125;0
743;47,3;0,027777778;0
744;47,4;0,013888889;0
745;47,4;0,013888889;0
746;47,5;0,069444444;0
747;47,9;0,152777778;0
748;48,6;0,208333333;0
749;49,4;0,166666667;0
750;49,8;0,055555556;0
751;49,8;-0,013888889;0
752;49,7;-0,069444444;0
753;49,3;-0,166666667;0
754;48,5;-0,236111111;0
755;47,6;-0,305555556;0
756;46,3;-0,541666667;0
757;43,7;-0,972222222;0
758;39,3;-1,333333333;0
759;34,1;-1,430555556;0
760;29;-1,444444444;0
761;23,7;-1,472222222;0
762;18,4;-1,305555556;0
763;14,3;-0,888888889;0
764;12;-0,208333333;0
765;12,8;0,555555556;0
766;16;0,875;0
767;19,1;0,888888889;0
768;22,4;0,902777778;0
769;25,6;1,069444444;0
770;30,1;1,347222222;0
771;35,3;1,361111111;0
772;39,9;1,277777778;0
773;44,5;1,055555556;0
774;47,5;0,888888889;0
775;50,9;0,916666667;0
776;54,1;0,75;0
777;56,3;0,555555556;0
778;58,1;0,486111111;0
779;59,8;0,416666667;0
780;61,1;0,319444444;0
781;62,1;0,236111111;0
782;62,8;0,166666667;0
783;63,3;0,111111111;0
784;63,6;0,097222222;0
785;64;0,152777778;0
786;64,7;0,166666667;0
787;65,2;0,083333333;0
788;65,3;0,013888889;0
789;65,3;0,013888889;0
790;65,4;0,055555556;0
791;65,7;0,083333333;0
792;66;-0,013888889;0
793;65,6;-0,347222222;0
794;63,5;-0,819444444;0
795;59,7;-1,236111111;0
796;54,6;-1,444444444;0
797;49,3;-1,347222222;0
798;44,9;-0,972222222;0
799;42,3;-0,486111111;0
800;41,4;-0,138888889;0
801;41,3;0,097222222;0
802;42,1;0,472222222;0
803;44,7;0,875;0
804;48,4;0,930555556;0
805;51,4;0,597222222;0
806;52,7;0,222222222;0
807;53;-0,027777778;0
808;52,5;-0,236111111;0
809;51,3;-0,388888889;0
810;49,7;-0,541666667;0
811;47,4;-0,833333333;0
812;43,7;-1,069444444;0
813;39,7;-1,138888889;0
814;35,5;-1,194444444;0
815;31,1;-1,277777778;0
816;26,3;-1,277777778;0
817;21,9;-1,152777778;0
818;18;-0,680555556;0
819;17;0;0
820;18;0,611111111;0
821;21,4;0,944444444;0
822;24,8;0,902777778;0
823;27,9;0,833333333;0
824;30,8;0,708333333;0
825;33;0,597222222;0
826;35,1;0,569444444;0
827;37,1;0,527777778;0
828;38,9;0,597222222;0
829;41,4;0,708333333;0
830;44;0,680555556;0
831;46,3;0,513888889;0
832;47,7;0,263888889;0
833;48,2;0,138888889;0
834;48,7;0,152777778;0
835;49,3;0,152777778;0
836;49,8;0,125;0
837;50,2;0,152777778;0
838;50,9;0,222222222;0
839;51,8;0,222222222;0
840;52,5;0,208333333;0
841;53,3;0,277777778;0
842;54,5;0,333333333;0
843;55,7;0,277777778;0
844;56,5;0,152777778;0
845;56,8;0,069444444;0
846;57;0,055555556;0
847;57,2;0,097222222;0
848;57,7;0,208333333;0
849;58,7;0,333333333;0
850;60,1;0,333333333;0
851;61,1;0,222222222;0
852;61,7;0,166666667;0
853;62,3;0,166666667;0
854;62,9;0,138888889;0
855;63,3;0,069444444;0
856;63,4;0,027777778;0
857;63,5;0,152777778;0
858;64,5;0,319444444;0
859;65,8;0,319444444;0
860;66,8;0,222222222;0
861;67,4;0,277777778;0
862;68,8;0,513888889;0
863;71,1;0,486111111;0
864;72,3;0,236111111;0
865;72,8;0,152777778;0
866;73,4;0,25;0
867;74,6;0,361111111;0
868;76;0,277777778;0
869;76,6;0,069444444;0
870;76,5;-0,055555556;0
871;76,2;-0,097222222;0
872;75,8;-0,111111111;0
873;75,4;-0,138888889;0
874;74,8;-0,208333333;0
875;73,9;-0,291666667;0
876;72,7;-0,361111111;0
877;71,3;-0,319444444;0
878;70,4;-0,180555556;0
879;70;-0,055555556;0
880;70;-0,138888889;0
881;69;-0,277777778;0
882;68;-0,138888889;0
883;68;0;0
884;68;0,013888889;0
885;68,1;0,055555556;0
886;68,4;0,069444444;0
887;68,6;0,041666667;0
888;68,7;-0,013888889;0
889;68,5;-0,083333333;0
890;68,1;-0,166666667;0
891;67,3;-0,263888889;0
892;66,2;-0,347222222;0
893;64,8;-0,361111111;0
894;63,6;-0,305555556;0
895;62,6;-0,208333333;0
896;62,1;-0,097222222;0
897;61,9;-0,027777778;0
898;61,9;-0,013888889;0
899;61,8;-0,055555556;0
900;61,5;-0,125;0
901;60,9;-0,25;0
902;59,7;-0,875;0
903;54,6;-1,444444444;0
904;49,3;-1,347222222;0
905;44,9;-0,972222222;0
906;42,3;-0,486111111;0
907;41,4;-0,138888889;0
908;41,3;0,097222222;0
909;42,1;0,472222222;0
910;44,7;0,875;0
911;48,4;0,930555556;0
912;51,4;0,597222222;0
913;52,7;0,361111111;0
914;54;0,597222222;0
915;57;0,569444444;0
916;58,1;0,305555556;0
917;59,2;0,125;0
918;59;-0,013888889;0
919;59,1;0,069444444;0
920;59,5;0,194444444;0
921;60,5;0,388888889;0
922;62,3;0,472222222;0
923;63,9;0,388888889;0
924;65,1;0,027777778;0
925;64,1;-0,333333333;0
926;62,7;-0,291666667;0
927;62;-0,194444444;0
928;61,3;-0,152777778;0
929;60,9;-0,111111111;0
930;60,5;-0,097222222;0
931;60,2;-0,097222222;0
932;59,8;-0,111111111;0
933;59,4;-0,166666667;0
934;58,6;-0,263888889;0
935;57,5;-0,277777778;0
936;56,6;-0,208333333;0
937;56;-0,152777778;0
938;55,5;-0,138888889;0
939;55;-0,152777778;0
940;54,4;-0,125;0
941;54,1;-0,055555556;0
942;54;-0,027777778;0
943;53,9;-0,013888889;0
944;53,9;0,013888889;0
945;54;0,041666667;0
946;54,2;0,138888889;0
947;55;0,222222222;0
948;55,8;0,166666667;0
949;56,2;0,041666667;0
950;56,1;-0,152777778;0
951;55,1;-0,472222222;0
952;52,7;-0,930555556;0
953;48,4;-1,333333333;0
954;43,1;-1,472222222;0
955;37,8;-1,472222222;0
956;32,5;-1,472222222;0
957;27,2;-1,027777778;0
958;25,1;-0,166666667;0
959;26;0,583333333;0
960;29,3;1,194444444;0
961;34,6;1,541666667;0
962;40,4;1,486111111;0
963;45,3;1,194444444;0
964;49;0,805555556;0
965;51,1;0,430555556;0
966;52,1;0,152777778;0
967;52,2;0;0
968;52,1;-0,069444444;0
969;51,7;-0,166666667;0
970;50,9;-0,347222222;0
971;49,2;-0,694444444;0
972;45,9;-1,194444444;0
973;40,6;-1,472222222;0
974;35,3;-1,472222222;0
975;30;-1,472222222;0
976;24,7;-1,486111111;0
977;19,3;-1,208333333;0
978;16;-0,847222222;0
979;13,2;-0,736111111;0
980;10,7;-0,611111111;0
981;8,8;-0,486111111;0
982;7,2;-0,458333333;0
983;5,5;-0,555555556;0
984;3,2;-0,611111111;0
985;1,1;-0,444444444;0
986;0;-0,152777778;0
987;0;0;0
988;0;0;0
989;0;0;0
990;0;0;0
991;0;0;0
992;0;0;0
993;0;0;0
994;0;0;0
995;0;0;0
996;0;0;0
997;0;0;0
998;0;0;0
999;0;0;0
1000;0;0;0
1001;0;0;0
1002;0;0;0
1003;0;0;0
1004;0;0;0
1005;0;0;0
1006;0;0;0
1007;0;0;0
1008;0;0;0
1009;0;0;0
1010;0;0;0
1011;0;0;0
1012;0;0;0
1013;0;0;0
1014;0;0;0
1015;0;0;0
1016;0;0;0
1017;0;0;0
1018;0;0;0
1019;0;0;0
1020;0;0;0
1021;0;0;0
1022;0;0;0
1023;0;0;0
1024;0;0;0
1025;0;0;0
1026;0;0,111111111;0
1027;0,8;0,5;0
1028;3,6;1,083333333;0
1029;8,6;1,527777778;0
1030;14,6;1,583333333;0
1031;20;1,361111111;0
1032;24,4;1,138888889;0
1033;28,2;1,013888889;0
1034;31,7;0,944444444;0
1035;35;0,819444444;0
1036;37,6;0,652777778;0
1037;39,7;0,541666667;0
1038;41,5;0,541666667;0
1039;43,6;0,625;0
1040;46;0,666666667;0
1041;48,4;0,625;0
1042;50,5;0,486111111;0
1043;51,9;0,291666667;0
1044;52,6;0,125;0
1045;52,8;0,041666667;0
1046;52,9;0,041666667;0
1047;53,1;0,055555556;0
1048;53,3;0;0
1049;53,1;-0,138888889;0
1050;52,3;-0,333333333;0
1051;50,7;-0,486111111;0
1052;48,8;-0,583333333;0
1053;46,5;-0,694444444;0
1054;43,8;-0,861111111;0
1055;40,3;-1,083333333;0
1056;36;-1,333333333;0
1057;30,7;-1,472222222;0
1058;25,4;-1,347222222;0
1059;21;-1,208333333;0
1060;16,7;-1,055555556;0
1061;13,4;-0,652777778;0
1062;12;-0,180555556;0
1063;12,1;0,111111111;0
1064;12,8;0,486111111;0
1065;15,6;0,986111111;0
1066;19,9;1,083333333;0
1067;23,4;0,652777778;0
1068;24,6;0,25;0
1069;25,2;0,25;0
1070;26,4;0,5;0
1071;28,8;0,75;0
1072;31,8;0,902777778;0
1073;35,3;1,069444444;0
1074;39,5;1,277777778;0
1075;44,5;1,361111111;0
1076;49,3;1,222222222;0
1077;53,3;0,986111111;0
1078;56,4;0,777777778;0
1079;58,9;0,666666667;0
1080;61,2;0,513888889;0
1081;62,6;0,25;0
1082;63;-0,013888889;0
1083;62,5;-0,291666667;0
1084;60,9;-0,444444444;0
1085;59,3;-0,319444444;0
1086;58,6;-0,097222222;0
1087;58,6;0,013888889;0
1088;58,7;0,027777778;0
1089;58,8;0,013888889;0
1090;58,8;0;0
1091;58,8;0,041666667;0
1092;59,1;0,180555556;0
1093;60,1;0,361111111;0
1094;61,7;0,402777778;0
1095;63;0,277777778;0
1096;63,7;0,125;0
1097;63,9;-0,027777778;0
1098;63,5;-0,222222222;0
1099;62,3;-0,444444444;0
1100;60,3;-0,472222222;0
1101;58,9;-0,263888889;0
1102;58,4;-0,013888889;0
1103;58,8;0,25;0
1104;60,2;0,486111111;0
1105;62,3;0,513888889;0
1106;63,9;0,305555556;0
1107;64,5;0,069444444;0
1108;64,4;-0,138888889;0
1109;63,5;-0,333333333;0
1110;62;-0,319444444;0
1111;61,2;-0,097222222;0
1112;61,3;0,194444444;0
1113;62,6;0,555555556;0
1114;65,3;0,75;0
1115;68;0,569444444;0
1116;69,4;0,236111111;0
1117;69,7;-0,013888889;0
1118;69,3;-0,222222222;0
1119;68,1;-0,333333333;0
1120;66,9;-0,263888889;0
1121;66,2;-0,166666667;0
1122;65,7;-0,180555556;0
1123;64,9;-0,347222222;0
1124;63,2;-0,638888889;0
1125;60,3;-1,027777778;0
1126;55,8;-1,361111111;0
1127;50,5;-1,472222222;0
1128;45,2;-1,444444444;0
1129;40,1;-1,25;0
1130;36,2;-1;0
1131;32,9;-0,888888889;0
1132;29,8;-0,875;0
1133;26,6;-0,944444444;0
1134;23;-1;0
1135;19,4;-0,930555556;0
1136;16,3;-0,666666667;0
1137;14,6;-0,291666667;0
1138;14,2;-0,041666667;0
1139;14,3;0,055555556;0
1140;14,6;0,111111111;0
1141;15,1;0,25;0
1142;16,4;0,555555556;0
1143;19,1;0,847222222;0
1144;22,5;0,736111111;0
1145;24,4;0,319444444;0
1146;24,8;-0,236111111;0
1147;22,7;-1,027777778;0
1148;17,4;-1,236111111;0
1149;13,8;-0,75;0
1150;12;-0,25;0
1151;12;0;0
1152;12;0,263888889;0
1153;13,9;0,944444444;0
1154;18,8;1,555555556;0
1155;25,1;1,527777778;0
1156;29,8;1,208333333;0
1157;33,8;1,166666667;0
1158;38,2;1,333333333;0
1159;43,4;1,486111111;0
1160;48,9;1,444444444;0
1161;53,8;1,236111111;0
1162;57,8;1,069444444;0
1163;61,5;1;0
1164;65;0,958333333;0
1165;68,4;0,916666667;0
1166;71,6;0,638888889;0
1167;73;0,375;0
1168;74,3;0,444444444;0
1169;76,2;0,5;0
1170;77,9;0,458333333;0
1171;79,5;0,430555556;0
1172;81;0,388888889;0
1173;82,3;0,347222222;0
1174;83,5;0,319444444;0
1175;84,6;0,277777778;0
1176;85,5;0,236111111;0
1177;86,3;0,222222222;0
1178;87,1;0,25;0
1179;88,1;0,277777778;0
1180;89,1;0,277777778;0
1181;90,1;0,263888889;0
1182;91;0,222222222;0
1183;91,7;0,180555556;0
1184;92,3;0,152777778;0
1185;92,8;0,111111111;0
1186;93,1;0,041666667;0
1187;93,1;0;0
1188;93,1;0;0
1189;93,1;0;0
1190;93,1;0;0
1191;93,1;0;0
1192;93,1;0;0
1193;93,1;0;0
1194;93,1;0;0
1195;93,1;0,013888889;0
1196;93,2;0,013888889;0
1197;93,2;0,013888889;0
1198;93,3;0,069444444;0
1199;93,7;0,125;0
1200;94,2;0,180555556;0
1201;95;0,222222222;0
1202;95,8;0,194444444;0
1203;96,4;0,138888889;0
1204;96,8;0,083333333;0
1205;97;0,041666667;0
1206;97,1;0,027777778;0
1207;97,2;0,027777778;0
1208;97,3;0,027777778;0
1209;97,4;0,013888889;0
1210;97,4;0;0
1211;97,4;0;0
1212;97,4;-0,013888889;0
1213;97,3;-0,013888889;0
1214;97,3;0;0
1215;97,3;0;0
1216;97,3;-0,013888889;0
1217;97,2;-0,027777778;0
1218;97,1;-0,027777778;0
1219;97;-0,027777778;0
1220;96,9;-0,041666667;0
1221;96,7;-0,069444444;0
1222;96,4;-0,083333333;0
1223;96,1;-0,097222222;0
1224;95,7;-0,083333333;0
1225;95,5;-0,055555556;0
1226;95,3;-0,041666667;0
1227;95,2;-0,041666667;0
1228;95;-0,041666667;0
1229;94,9;-0,041666667;0
1230;94,7;-0,055555556;0
1231;94,5;-0,041666667;0
1232;94,4;-0,013888889;0
1233;94,4;-0,013888889;0
1234;94,3;-0,013888889;0
1235;94,3;-0,027777778;0
1236;94,1;-0,055555556;0
1237;93,9;-0,097222222;0
1238;93,4;-0,152777778;0
1239;92,8;-0,194444444;0
1240;92;-0,208333333;0
1241;91,3;-0,194444444;0
1242;90,6;-0,180555556;0
1243;90;-0,180555556;0
1244;89,3;-0,180555556;0
1245;88,7;-0,166666667;0
1246;88,1;-0,180555556;0
1247;87,4;-0,194444444;0
1248;86,7;-0,194444444;0
1249;86;-0,194444444;0
1250;85,3;-0,180555556;0
1251;84,7;-0,166666667;0
1252;84,1;-0,166666667;0
1253;83,5;-0,166666667;0
1254;82,9;-0,166666667;0
1255;82,3;-0,166666667;0
1256;81,7;-0,166666667;0
1257;81,1;-0,166666667;0
1258;80,5;-0,166666667;0
1259;79,9;-0,152777778;0
1260;79,4;-0,125;0
1261;79;-0,097222222;0
1262;78,7;-0,041666667;0
1263;78,7;0,013888889;0
1264;78,8;0,055555556;0
1265;79,1;0,083333333;0
1266;79,4;0,069444444;0
1267;79,6;0,055555556;0
1268;79,8;0,027777778;0
1269;79,8;-0,027777778;0
1270;79,6;-0,069444444;0
1271;79,3;-0,097222222;0
1272;78,9;-0,111111111;0
1273;78,5;-0,097222222;0
1274;78,2;-0,083333333;0
1275;77,9;-0,069444444;0
1276;77,7;-0,027777778;0
1277;77,7;0,013888889;0
1278;77,8;0,027777778;0
1279;77,9;0,041666667;0
1280;78,1;0,055555556;0
1281;78,3;0,027777778;0
1282;78,3;0,013888889;0
1283;78,4;0,013888889;0
1284;78,4;0;0
1285;78,4;-0,027777778;0
1286;78,2;-0,055555556;0
1287;78;-0,069444444;0
1288;77,7;-0,097222222;0
1289;77,3;-0,111111111;0
1290;76,9;-0,097222222;0
1291;76,6;-0,097222222;0
1292;76,2;-0,125;0
1293;75,7;-0,138888889;0
1294;75,2;-0,138888889;0
1295;74,7;-0,111111111;0
1296;74,4;-0,055555556;0
1297;74,3;0;0
1298;74,4;0,041666667;0
1299;74,6;0,069444444;0
1300;74,9;0,069444444;0
1301;75,1;0,055555556;0
1302;75,3;0,055555556;0
1303;75,5;0,069444444;0
1304;75,8;0,055555556;0
1305;75,9;0,027777778;0
1306;76;0,013888889;0
1307;76;0;0
1308;76;-0,013888889;0
1309;75,9;-0,013888889;0
1310;75,9;-0,013888889;0
1311;75,8;-0,027777778;0
1312;75,7;-0,041666667;0
1313;75,5;-0,069444444;0
1314;75,2;-0,069444444;0
1315;75;-0,069444444;0
1316;74,7;-0,125;0
1317;74,1;-0,138888889;0
1318;73,7;-0,111111111;0
1319;73,3;-0,027777778;0
1320;73,5;0,097222222;0
1321;74;0,194444444;0
1322;74,9;0,291666667;0
1323;76,1;0,388888889;0
1324;77,7;0,430555556;0
1325;79,2;0,361111111;0
1326;80,3;0,222222222;0
1327;80,8;0,097222222;0
1328;81;0,027777778;0
1329;81;0;0
1330;81;0;0
1331;81;0;0
1332;81;-0,013888889;0
1333;80,9;-0,055555556;0
1334;80,6;-0,083333333;0
1335;80,3;-0,083333333;0
1336;80;-0,055555556;0
1337;79,9;-0,027777778;0
1338;79,8;-0,013888889;0
1339;79,8;0;0
1340;79,8;0,013888889;0
1341;79,9;0,027777778;0
1342;80;0,069444444;0
1343;80,4;0,111111111;0
1344;80,8;0,111111111;0
1345;81,2;0,097222222;0
1346;81,5;0,055555556;0
1347;81,6;0,013888889;0
1348;81,6;-0,027777778;0
1349;81,4;-0,125;0
1350;80,7;-0,25;0
1351;79,6;-0,347222222;0
1352;78,2;-0,388888889;0
1353;76,8;-0,402777778;0
1354;75,3;-0,416666667;0
1355;73,8;-0,444444444;0
1356;72,1;-0,5;0
1357;70,2;-0,541666667;0
1358;68,2;-0,569444444;0
1359;66,1;-0,611111111;0
1360;63,8;-0,625;0
1361;61,6;-0,5;0
1362;60,2;-0,25;0
1363;59,8;0,027777778;0
1364;60,4;0,277777778;0
1365;61,8;0,305555556;0
1366;62,6;0,125;0
1367;62,7;-0,097222222;0
1368;61,9;-0,375;0
1369;60;-0,486111111;0
1370;58,4;-0,305555556;0
1371;57,8;-0,083333333;0
1372;57,8;0;0
1373;57,8;-0,069444444;0
1374;57,3;-0,222222222;0
1375;56,2;-0,416666667;0
1376;54,3;-0,75;0
1377;50,8;-1,222222222;0
1378;45,5;-1,472222222;0
1379;40,2;-1,472222222;0
1380;34,9;-1,472222222;0
1381;29,6;-1,055555556;0
1382;27,3;-0,041666667;0
1383;29,3;0,777777778;0
1384;32,9;0,875;0
1385;35,6;0,527777778;0
1386;36,7;0,277777778;0
1387;37,6;0,375;0
1388;39,4;0,680555556;0
1389;42,5;0,986111111;0
1390;46,5;1,069444444;0
1391;50,2;0,875;0
1392;52,8;0,569444444;0
1393;54,3;0,291666667;0
1394;54,9;0,083333333;0
1395;54,9;-0,027777778;0
1396;54,7;-0,111111111;0
1397;54,1;-0,208333333;0
1398;53,2;-0,277777778;0
1399;52,1;-0,347222222;0
1400;50,7;-0,416666667;0
1401;49,1;-0,458333333;0
1402;47,4;-0,541666667;0
1403;45,2;-0,777777778;0
1404;41,8;-1,208333333;0
1405;36,5;-1,472222222;0
1406;31,2;-1,236111111;0
1407;27,6;-0,597222222;0
1408;26,9;-0,041666667;0
1409;27,3;0,083333333;0
1410;27,5;0,013888889;0
1411;27,4;-0,055555556;0
1412;27,1;-0,097222222;0
1413;26,7;-0,041666667;0
1414;26,8;0,208333333;0
1415;28,2;0,597222222;0
1416;31,1;0,916666667;0
1417;34,8;1,013888889;0
1418;38,4;0,847222222;0
1419;40,9;0,458333333;0
1420;41,7;0;0
1421;40,9;-0,472222222;0
1422;38,3;-0,777777778;0
1423;35,3;-0,555555556;0
1424;34,3;-0,097222222;0
1425;34,6;0,277777778;0
1426;36,3;0,680555556;0
1427;39,5;0,763888889;0
1428;41,8;0,416666667;0
1429;42,5;0,013888889;0
1430;41,9;-0,333333333;0
1431;40,1;-0,736111111;0
1432;36,6;-1,222222222;0
1433;31,3;-1,472222222;0
1434;26;-1,486111111;0
1435;20,6;-0,958333333;0
1436;19,1;-0,125;0
1437;19,7;0,277777778;0
1438;21,1;0,319444444;0
1439;22;0,138888889;0
1440;22,1;-0,083333333;0
1441;21,4;-0,347222222;0
1442;19,6;-0,430555556;0
1443;18,3;-0,222222222;0
1444;18;0;0
1445;18,3;0,069444444;0
1446;18,5;-0,055555556;0
1447;17,9;-0,486111111;0
1448;15;-1,111111111;0
1449;9,9;-1,444444444;0
1450;4,6;-1,208333333;0
1451;1,2;-0,638888889;0
1452;0;-0,166666667;0
1453;0;0;0
1454;0;0;0
1455;0;0;0
1456;0;0;0
1457;0;0;0
1458;0;0;0
1459;0;0;0
1460;0;0;0
1461;0;0;0
1462;0;0;0
1463;0;0;0
1464;0;0;0
1465;0;0;0
1466;0;0;0
1467;0;0;0
1468;0;0;0
1469;0;0;0
1470;0;0;0
1471;0;0;0
1472;0;0;0
1473;0;0;0
1474;0;0;0
1475;0;0;0
1476;0;0;0
1477;0;0;0
1478;0;0,305555556;0
1479;2,2;0,611111111;0
1480;4,4;0,569444444;0
1481;6,3;0,486111111;0
1482;7,9;0,402777778;0
1483;9,2;0,347222222;0
1484;10,4;0,319444444;0
1485;11,5;0,347222222;0
1486;12,9;0,444444444;0
1487;14,7;0,569444444;0
1488;17;0,708333333;0
1489;19,8;0,847222222;0
1490;23,1;0,958333333;0
1491;26,7;1,027777778;0
1492;30,5;1,027777778;0
1493;34,1;0,972222222;0
1494;37,5;0,902777778;0
1495;40,6;0,805555556;0
1496;43,3;0,708333333;0
1497;45,7;0,611111111;0
1498;47,7;0,5;0
1499;49,3;0,388888889;0
1500;50,5;0,277777778;0
1501;51,3;0,222222222;0
1502;52,1;0,194444444;0
1503;52,7;0,180555556;0
1504;53,4;0,180555556;0
1505;54;0,152777778;0
1506;54,5;0,138888889;0
1507;55;0,152777778;0
1508;55,6;0,180555556;0
1509;56,3;0,222222222;0
1510;57,2;0,305555556;0
1511;58,5;0,416666667;0
1512;60,2;0,527777778;0
1513;62,3;0,625;0
1514;64,7;0,666666667;0
1515;67,1;0,625;0
1516;69,2;0,5;0
1517;70,7;0,375;0
1518;71,9;0,277777778;0
1519;72,7;0,208333333;0
1520;73,4;0,152777778;0
1521;73,8;0,097222222;0
1522;74,1;0,027777778;0
1523;74;-0,069444444;0
1524;73,6;-0,208333333;0
1525;72,5;-0,388888889;0
1526;70,8;-0,541666667;0
1527;68,6;-0,638888889;0
1528;66,2;-0,638888889;0
1529;64;-0,555555556;0
1530;62,2;-0,430555556;0
1531;60,9;-0,277777778;0
1532;60,2;-0,125;0
1533;60;0,027777778;0
1534;60,4;0,194444444;0
1535;61,4;0,388888889;0
1536;63,2;0,583333333;0
1537;65,6;0,722222222;0
1538;68,4;0,833333333;0
1539;71,6;0,902777778;0
1540;74,9;0,944444444;0
1541;78,4;0,958333333;0
1542;81,8;0,902777778;0
1543;84,9;0,777777778;0
1544;87,4;0,569444444;0
1545;89;0,361111111;0
1546;90;0,222222222;0
1547;90,6;0,138888889;0
1548;91;0,125;0
1549;91,5;0,138888889;0
1550;92;0,166666667;0
1551;92,7;0,194444444;0
1552;93,4;0,208333333;0
1553;94,2;0,208333333;0
1554;94,9;0,208333333;0
1555;95,7;0,236111111;0
1556;96,6;0,277777778;0
1557;97,7;0,319444444;0
1558;98,9;0,375;0
1559;100,4;0,430555556;0
1560;102;0,444444444;0
1561;103,6;0,444444444;0
1562;105,2;0,444444444;0
1563;106,8;0,458333333;0
1564;108,5;0,472222222;0
1565;110,2;0,472222222;0
1566;111,9;0,486111111;0
1567;113,7;0,472222222;0
1568;115,3;0,430555556;0
1569;116,8;0,402777778;0
1570;118,2;0,375;0
1571;119,5;0,347222222;0
1572;120,7;0,319444444;0
1573;121,8;0,263888889;0
1574;122,6;0,194444444;0
1575;123,2;0,138888889;0
1576;123,6;0,069444444;0
1577;123,7;0;0
1578;123,6;-0,055555556;0
1579;123,3;-0,083333333;0
1580;123;-0,111111111;0
1581;122,5;-0,125;0
1582;122,1;-0,138888889;0
1583;121,5;-0,180555556;0
1584;120,8;-0,208333333;0
1585;120;-0,236111111;0
1586;119,1;-0,263888889;0
1587;118,1;-0,277777778;0
1588;117,1;-0,263888889;0
1589;116,2;-0,222222222;0
1590;115,5;-0,180555556;0
1591;114,9;-0,138888889;0
1592;114,5;-0,111111111;0
1593;114,1;-0,083333333;0
1594;113,9;-0,055555556;0
1595;113,7;-0,083333333;0
1596;113,3;-0,111111111;0
1597;112,9;-0,152777778;0
1598;112,2;-0,208333333;0
1599;111,4;-0,236111111;0
1600;110,5;-0,263888889;0
1601;109,5;-0,277777778;0
1602;108,5;-0,25;0
1603;107,7;-0,194444444;0
1604;107,1;-0,152777778;0
1605;106,6;-0,097222222;0
1606;106,4;-0,055555556;0
1607;106,2;-0,027777778;0
1608;106,2;0;0
1609;106,2;0,027777778;0
1610;106,4;0,041666667;0
1611;106,5;0,055555556;0
1612;106,8;0,097222222;0
1613;107,2;0,138888889;0
1614;107,8;0,180555556;0
1615;108,5;0,222222222;0
1616;109,4;0,277777778;0
1617;110,5;0,319444444;0
1618;111,7;0,347222222;0
1619;113;0,333333333;0
1620;114,1;0,291666667;0
1621;115,1;0,25;0
1622;115,9;0,194444444;0
1623;116,5;0,111111111;0
1624;116,7;0,013888889;0
1625;116,6;-0,069444444;0
1626;116,2;-0,194444444;0
1627;115,2;-0,333333333;0
1628;113,8;-0,444444444;0
1629;112;-0,513888889;0
1630;110,1;-0,513888889;0
1631;108,3;-0,430555556;0
1632;107;-0,305555556;0
1633;106,1;-0,166666667;0
1634;105,8;-0,055555556;0
1635;105,7;-0,013888889;0
1636;105,7;-0,013888889;0
1637;105,6;-0,055555556;0
1638;105,3;-0,097222222;0
1639;104,9;-0,125;0
1640;104,4;-0,125;0
1641;104;-0,083333333;0
1642;103,8;-0,013888889;0
1643;103,9;0,083333333;0
1644;104,4;0,166666667;0
1645;105,1;0,236111111;0
1646;106,1;0,291666667;0
1647;107,2;0,333333333;0
1648;108,5;0,375;0
1649;109,9;0,388888889;0
1650;111,3;0,388888889;0
1651;112,7;0,361111111;0
1652;113,9;0,319444444;0
1653;115;0,291666667;0
1654;116;0,25;0
1655;116,8;0,222222222;0
1656;117,6;0,222222222;0
1657;118,4;0,222222222;0
1658;119,2;0,222222222;0
1659;120;0,222222222;0
1660;120,8;0,222222222;0
1661;121,6;0,208333333;0
1662;122,3;0,208333333;0
1663;123,1;0,208333333;0
1664;123,8;0,180555556;0
1665;124,4;0,166666667;0
1666;125;0,138888889;0
1667;125,4;0,111111111;0
1668;125,8;0,097222222;0
1669;126,1;0,083333333;0
1670;126,4;0,069444444;0
1671;126,6;0,041666667;0
1672;126,7;0,027777778;0
1673;126,8;0,027777778;0
1674;126,9;0,013888889;0
1675;126,9;0;0
1676;126,9;-0,013888889;0
1677;126,8;-0,041666667;0
1678;126,6;-0,069444444;0
1679;126,3;-0,083333333;0
1680;126;-0,083333333;0
1681;125,7;-0,055555556;0
1682;125,6;-0,013888889;0
1683;125,6;0,027777778;0
1684;125,8;0,083333333;0
1685;126,2;0,111111111;0
1686;126,6;0,111111111;0
1687;127;0,111111111;0
1688;127,4;0,083333333;0
1689;127,6;0,055555556;0
1690;127,8;0,041666667;0
1691;127,9;0,027777778;0
1692;128;0,027777778;0
1693;128,1;0,027777778;0
1694;128,2;0,027777778;0
1695;128,3;0,027777778;0
1696;128,4;0,027777778;0
1697;128,5;0,027777778;0
1698;128,6;0,013888889;0
1699;128,6;-0,013888889;0
1700;128,5;-0,041666667;0
1701;128,3;-0,055555556;0
1702;128,1;-0,055555556;0
1703;127,9;-0,069444444;0
1704;127,6;-0,069444444;0
1705;127,4;-0,055555556;0
1706;127,2;-0,055555556;0
1707;127;-0,041666667;0
1708;126,9;-0,027777778;0
1709;126,8;-0,027777778;0
1710;126,7;0;0
1711;126,8;0,027777778;0
1712;126,9;0,041666667;0
1713;127,1;0,069444444;0
1714;127,4;0,083333333;0
1715;127,7;0,097222222;0
1716;128,1;0,111111111;0
1717;128,5;0,125;0
1718;129;0,138888889;0
1719;129,5;0,152777778;0
1720;130,1;0,152777778;0
1721;130,6;0,125;0
1722;131;0,083333333;0
1723;131,2;0,041666667;0
1724;131,3;0;0
1725;131,2;-0,083333333;0
1726;130,7;-0,194444444;0
1727;129,8;-0,319444444;0
1728;128,4;-0,458333333;0
1729;126,5;-0,597222222;0
1730;124,1;-0,680555556;0
1731;121,6;-0,708333333;0
1732;119;-0,708333333;0
1733;116,5;-0,680555556;0
1734;114,1;-0,652777778;0
1735;111,8;-0,638888889;0
1736;109,5;-0,652777778;0
1737;107,1;-0,652777778;0
1738;104,8;-0,638888889;0
1739;102,5;-0,611111111;0
1740;100,4;-0,541666667;0
1741;98,6;-0,444444444;0
1742;97,2;-0,375;0
1743;95,9;-0,333333333;0
1744;94,8;-0,291666667;0
1745;93,8;-0,277777778;0
1746;92,8;-0,277777778;0
1747;91,8;-0,25;0
1748;91;-0,222222222;0
1749;90,2;-0,194444444;0
1750;89,6;-0,152777778;0
1751;89,1;-0,138888889;0
1752;88,6;-0,138888889;0
1753;88,1;-0,138888889;0
1754;87,6;-0,138888889;0
1755;87,1;-0,138888889;0
1756;86,6;-0,138888889;0
1757;86,1;-0,152777778;0
1758;85,5;-0,152777778;0
1759;85;-0,152777778;0
1760;84,4;-0,166666667;0
1761;83,8;-0,166666667;0
1762;83,2;-0,166666667;0
1763;82,6;-0,166666667;0
1764;82;-0,180555556;0
1765;81,3;-0,222222222;0
1766;80,4;-0,305555556;0
1767;79,1;-0,416666667;0
1768;77,4;-0,555555556;0
1769;75,1;-0,708333333;0
1770;72,3;-0,833333333;0
1771;69,1;-0,888888889;0
1772;65,9;-0,888888889;0
1773;62,7;-0,861111111;0
1774;59,7;-0,791666667;0
1775;57;-0,708333333;0
1776;54,6;-0,666666667;0
1777;52,2;-0,680555556;0
1778;49,7;-0,75;0
1779;46,8;-0,861111111;0
1780;43,5;-0,958333333;0
1781;39,9;-0,986111111;0
1782;36,4;-0,930555556;0
1783;33,2;-0,819444444;0
1784;30,5;-0,680555556;0
1785;28,3;-0,583333333;0
1786;26,3;-0,541666667;0
1787;24,4;-0,527777778;0
1788;22,5;-0,541666667;0
1789;20,5;-0,597222222;0
1790;18,2;-0,694444444;0
1791;15,5;-0,819444444;0
1792;12,3;-0,944444444;0
1793;8,7;-0,986111111;0
1794;5,2;-1,208333333;0
1795;0;-0,722222222;0
1796;0;0;0
1797;0;0;0
1798;0;0;0
1799;0;0;0
1800;0;0;0
